<annotation>
	<folder>10C</folder>
	<filename>10C23.jpg</filename>
	<path>G:\Playing Card Dataset\Images\10C\10C23.jpg</path>
	<source>
		<database>Unknown</database>
	</source>
	<size>
		<width>4608</width>
		<height>3456</height>
		<depth>3</depth>
	</size>
	<segmented>0</segmented>
	<object>
		<name>10C</name>
		<pose>Unspecified</pose>
		<truncated>0</truncated>
		<difficult>0</difficult>
		<bndbox>
			<xmin>602</xmin>
			<ymin>1702</ymin>
			<xmax>1050</xmax>
			<ymax>1931</ymax>
		</bndbox>
	</object>
</annotation>
