<annotation>
	<folder>10D</folder>
	<filename>10D20.jpg</filename>
	<path>G:\Playing Card Dataset\Images\10D\10D20.jpg</path>
	<source>
		<database>Unknown</database>
	</source>
	<size>
		<width>4608</width>
		<height>3456</height>
		<depth>3</depth>
	</size>
	<segmented>0</segmented>
	<object>
		<name>10D</name>
		<pose>Unspecified</pose>
		<truncated>0</truncated>
		<difficult>0</difficult>
		<bndbox>
			<xmin>1639</xmin>
			<ymin>1424</ymin>
			<xmax>1835</xmax>
			<ymax>2076</ymax>
		</bndbox>
	</object>
</annotation>
