<annotation>
	<folder>10D</folder>
	<filename>10D43.jpg</filename>
	<path>G:\Playing Card Dataset\Images\10D\10D43.jpg</path>
	<source>
		<database>Unknown</database>
	</source>
	<size>
		<width>4608</width>
		<height>3456</height>
		<depth>3</depth>
	</size>
	<segmented>0</segmented>
	<object>
		<name>10D</name>
		<pose>Unspecified</pose>
		<truncated>0</truncated>
		<difficult>0</difficult>
		<bndbox>
			<xmin>1498</xmin>
			<ymin>1953</ymin>
			<xmax>1850</xmax>
			<ymax>2435</ymax>
		</bndbox>
	</object>
</annotation>
