<annotation>
	<folder>10H</folder>
	<filename>10H11.jpg</filename>
	<path>G:\Playing Card Dataset\Images\10H\10H11.jpg</path>
	<source>
		<database>Unknown</database>
	</source>
	<size>
		<width>4608</width>
		<height>3456</height>
		<depth>3</depth>
	</size>
	<segmented>0</segmented>
	<object>
		<name>10H</name>
		<pose>Unspecified</pose>
		<truncated>0</truncated>
		<difficult>0</difficult>
		<bndbox>
			<xmin>2580</xmin>
			<ymin>672</ymin>
			<xmax>3013</xmax>
			<ymax>1046</ymax>
		</bndbox>
	</object>
</annotation>
