<annotation>
	<folder>10H</folder>
	<filename>10H37.jpg</filename>
	<path>G:\Playing Card Dataset\Images\10H\10H37.jpg</path>
	<source>
		<database>Unknown</database>
	</source>
	<size>
		<width>4608</width>
		<height>3456</height>
		<depth>3</depth>
	</size>
	<segmented>0</segmented>
	<object>
		<name>10H</name>
		<pose>Unspecified</pose>
		<truncated>0</truncated>
		<difficult>0</difficult>
		<bndbox>
			<xmin>1457</xmin>
			<ymin>2291</ymin>
			<xmax>2124</xmax>
			<ymax>2535</ymax>
		</bndbox>
	</object>
</annotation>
