<annotation>
	<folder>10S</folder>
	<filename>10S45.jpg</filename>
	<path>G:\Playing Card Dataset\Images\10S\10S45.jpg</path>
	<source>
		<database>Unknown</database>
	</source>
	<size>
		<width>4608</width>
		<height>3456</height>
		<depth>3</depth>
	</size>
	<segmented>0</segmented>
	<object>
		<name>10S</name>
		<pose>Unspecified</pose>
		<truncated>0</truncated>
		<difficult>0</difficult>
		<bndbox>
			<xmin>1857</xmin>
			<ymin>1931</ymin>
			<xmax>2309</xmax>
			<ymax>2224</ymax>
		</bndbox>
	</object>
</annotation>
