<annotation>
	<folder>2C</folder>
	<filename>2C10.jpg</filename>
	<path>G:\Playing Card Dataset\Images\2C\2C10.jpg</path>
	<source>
		<database>Unknown</database>
	</source>
	<size>
		<width>4608</width>
		<height>3456</height>
		<depth>3</depth>
	</size>
	<segmented>0</segmented>
	<object>
		<name>2C</name>
		<pose>Unspecified</pose>
		<truncated>0</truncated>
		<difficult>0</difficult>
		<bndbox>
			<xmin>1313</xmin>
			<ymin>1835</ymin>
			<xmax>1717</xmax>
			<ymax>2113</ymax>
		</bndbox>
	</object>
</annotation>
