<annotation>
	<folder>2C</folder>
	<filename>2C17.jpg</filename>
	<path>G:\Playing Card Dataset\Images\2C\2C17.jpg</path>
	<source>
		<database>Unknown</database>
	</source>
	<size>
		<width>4608</width>
		<height>3456</height>
		<depth>3</depth>
	</size>
	<segmented>0</segmented>
	<object>
		<name>2C</name>
		<pose>Unspecified</pose>
		<truncated>0</truncated>
		<difficult>0</difficult>
		<bndbox>
			<xmin>1780</xmin>
			<ymin>1487</ymin>
			<xmax>2009</xmax>
			<ymax>1709</ymax>
		</bndbox>
	</object>
</annotation>
