<annotation>
	<folder>2C</folder>
	<filename>2C33.jpg</filename>
	<path>G:\Playing Card Dataset\Images\2C\2C33.jpg</path>
	<source>
		<database>Unknown</database>
	</source>
	<size>
		<width>4608</width>
		<height>3456</height>
		<depth>3</depth>
	</size>
	<segmented>0</segmented>
	<object>
		<name>2C</name>
		<pose>Unspecified</pose>
		<truncated>0</truncated>
		<difficult>0</difficult>
		<bndbox>
			<xmin>591</xmin>
			<ymin>653</ymin>
			<xmax>887</xmax>
			<ymax>1113</ymax>
		</bndbox>
	</object>
</annotation>
