<annotation>
	<folder>2D</folder>
	<filename>2D28.jpg</filename>
	<path>G:\Playing Card Dataset\Images\2D\2D28.jpg</path>
	<source>
		<database>Unknown</database>
	</source>
	<size>
		<width>4608</width>
		<height>3456</height>
		<depth>3</depth>
	</size>
	<segmented>0</segmented>
	<object>
		<name>2D</name>
		<pose>Unspecified</pose>
		<truncated>0</truncated>
		<difficult>0</difficult>
		<bndbox>
			<xmin>1761</xmin>
			<ymin>1753</ymin>
			<xmax>1965</xmax>
			<ymax>2098</ymax>
		</bndbox>
	</object>
</annotation>
