<annotation>
	<folder>2H</folder>
	<filename>2H13.jpg</filename>
	<path>G:\Playing Card Dataset\Images\2H\2H13.jpg</path>
	<source>
		<database>Unknown</database>
	</source>
	<size>
		<width>4608</width>
		<height>3456</height>
		<depth>3</depth>
	</size>
	<segmented>0</segmented>
	<object>
		<name>2H</name>
		<pose>Unspecified</pose>
		<truncated>0</truncated>
		<difficult>0</difficult>
		<bndbox>
			<xmin>1187</xmin>
			<ymin>1176</ymin>
			<xmax>1476</xmax>
			<ymax>1491</ymax>
		</bndbox>
	</object>
</annotation>
