<annotation>
	<folder>2H</folder>
	<filename>2H32.jpg</filename>
	<path>G:\Playing Card Dataset\Images\2H\2H32.jpg</path>
	<source>
		<database>Unknown</database>
	</source>
	<size>
		<width>4608</width>
		<height>3456</height>
		<depth>3</depth>
	</size>
	<segmented>0</segmented>
	<object>
		<name>2H</name>
		<pose>Unspecified</pose>
		<truncated>0</truncated>
		<difficult>0</difficult>
		<bndbox>
			<xmin>1443</xmin>
			<ymin>1394</ymin>
			<xmax>1743</xmax>
			<ymax>1657</ymax>
		</bndbox>
	</object>
</annotation>
