<annotation>
	<folder>2S</folder>
	<filename>2S19.jpg</filename>
	<path>G:\Playing Card Dataset\Images\2S\2S19.jpg</path>
	<source>
		<database>Unknown</database>
	</source>
	<size>
		<width>4608</width>
		<height>3456</height>
		<depth>3</depth>
	</size>
	<segmented>0</segmented>
	<object>
		<name>2S</name>
		<pose>Unspecified</pose>
		<truncated>0</truncated>
		<difficult>0</difficult>
		<bndbox>
			<xmin>1057</xmin>
			<ymin>1609</ymin>
			<xmax>1546</xmax>
			<ymax>2609</ymax>
		</bndbox>
	</object>
</annotation>
