<annotation>
	<folder>2S</folder>
	<filename>2S22.jpg</filename>
	<path>G:\Playing Card Dataset\Images\2S\2S22.jpg</path>
	<source>
		<database>Unknown</database>
	</source>
	<size>
		<width>4608</width>
		<height>3456</height>
		<depth>3</depth>
	</size>
	<segmented>0</segmented>
	<object>
		<name>2S</name>
		<pose>Unspecified</pose>
		<truncated>0</truncated>
		<difficult>0</difficult>
		<bndbox>
			<xmin>772</xmin>
			<ymin>2</ymin>
			<xmax>1039</xmax>
			<ymax>509</ymax>
		</bndbox>
	</object>
</annotation>
