<annotation>
	<folder>2S</folder>
	<filename>2S23.jpg</filename>
	<path>G:\Playing Card Dataset\Images\2S\2S23.jpg</path>
	<source>
		<database>Unknown</database>
	</source>
	<size>
		<width>4608</width>
		<height>3456</height>
		<depth>3</depth>
	</size>
	<segmented>0</segmented>
	<object>
		<name>2S</name>
		<pose>Unspecified</pose>
		<truncated>0</truncated>
		<difficult>0</difficult>
		<bndbox>
			<xmin>650</xmin>
			<ymin>320</ymin>
			<xmax>894</xmax>
			<ymax>805</ymax>
		</bndbox>
	</object>
</annotation>
