<annotation>
	<folder>3C</folder>
	<filename>3C27.jpg</filename>
	<path>G:\Playing Card Dataset\Images\3C\3C27.jpg</path>
	<source>
		<database>Unknown</database>
	</source>
	<size>
		<width>4608</width>
		<height>3456</height>
		<depth>3</depth>
	</size>
	<segmented>0</segmented>
	<object>
		<name>3C</name>
		<pose>Unspecified</pose>
		<truncated>0</truncated>
		<difficult>0</difficult>
		<bndbox>
			<xmin>831</xmin>
			<ymin>1394</ymin>
			<xmax>1365</xmax>
			<ymax>1928</ymax>
		</bndbox>
	</object>
</annotation>
