<annotation>
	<folder>3C</folder>
	<filename>3C47.jpg</filename>
	<path>G:\Playing Card Dataset\Images\3C\3C47.jpg</path>
	<source>
		<database>Unknown</database>
	</source>
	<size>
		<width>4608</width>
		<height>3456</height>
		<depth>3</depth>
	</size>
	<segmented>0</segmented>
	<object>
		<name>3C</name>
		<pose>Unspecified</pose>
		<truncated>0</truncated>
		<difficult>0</difficult>
		<bndbox>
			<xmin>1565</xmin>
			<ymin>742</ymin>
			<xmax>1828</xmax>
			<ymax>1250</ymax>
		</bndbox>
	</object>
</annotation>
