<annotation>
	<folder>3D</folder>
	<filename>3D13.jpg</filename>
	<path>G:\Playing Card Dataset\Images\3D\3D13.jpg</path>
	<source>
		<database>Unknown</database>
	</source>
	<size>
		<width>4608</width>
		<height>3456</height>
		<depth>3</depth>
	</size>
	<segmented>0</segmented>
	<object>
		<name>3D</name>
		<pose>Unspecified</pose>
		<truncated>0</truncated>
		<difficult>0</difficult>
		<bndbox>
			<xmin>3198</xmin>
			<ymin>1531</ymin>
			<xmax>3572</xmax>
			<ymax>1868</ymax>
		</bndbox>
	</object>
</annotation>
